;;a;;;;m²;;;m²;m²;m²;m² (?);a;;;;;;m²;m;;;;m;;;;;;;;;;m³ / m² Bt;kg / m³;kg / m² Bt;FE Mat;FE Mat / FE Bt;FE;FE / m² BZF;;;;;;;;;a;a;;a;a;Schulnote;Schulnote;Schulnote;Schulnote;%;%;%;pro m² Bt.;MJ/Funkt. Einh.;MJ/Funkt. Einh.;MJ/Funkt. Einh.;MJ/Funkt. Einh.;MJ/Funkt. Einh.;MJ/Funkt. Einh.;kg CO<sub>2</sub> equ./Funkt. Einh.;kg CO<sub>2</sub> equ./Funkt. Einh.;kg CO<sub>2</sub> equ./Funkt. Einh.;kg SO<sub>2</sub> equ./Funkt. Einh.;kg PO<sub>4</sub><sup>3-</sup>/Funkt. Einh.;kg C<sub>2</sub>H<sub>4</sub>/Funkt. Einh.;kg CFC-11/Funkt. Einh.;;;;MJ/Funkt. Einh.;MJ/Funkt. Einh.;MJ/Funkt. Einh.;MJ/Funkt. Einh.;MJ/Funkt. Einh.;MJ/Funkt. Einh.;kg CO<sub>2</sub> equ./Funkt. Einh.;kg CO<sub>2</sub> equ./Funkt. Einh.;kg CO<sub>2</sub> equ./Funkt. Einh.;kg SO<sub>2</sub> equ./Funkt. Einh.;kg PO<sub>4</sub><sup>3-</sup>/Funkt. Einh.;kg C<sub>2</sub>H<sub>4</sub>/Funkt. Einh.;kg CFC-11/Funkt. Einh.;pro m² Bt;;MJ/Funkt. Einh.;MJ/Funkt. Einh.;MJ/Funkt. Einh.;MJ/Funkt. Einh.;MJ/Funkt. Einh.;MJ/Funkt. Einh.;kg CO<sub>2</sub> equ./Funkt. Einh.;kg CO<sub>2</sub> equ./Funkt. Einh.;kg CO<sub>2</sub> equ./Funkt. Einh.;kg SO<sub>2</sub> equ./Funkt. Einh.;kg PO<sub>4</sub><sup>3-</sup>/Funkt. Einh.;kg C<sub>2</sub>H<sub>4</sub>/Funkt. Einh.;kg CFC-11/Funkt. Einh.;
bb_e2s_Gebaeude.S_Gebaeude;bb_e2s_Gebaeude.Bezeichnung;bb_e2s_Gebaeude.Betrachtungszeitraum;bb_e2s_Gebaeude.Nutzungsdauer (als Zahl);bb_e2s_Gebaeude.NDK_Katalog_S (als Zahl);;;;bb_e2s_Gebaeude.ZGRW_Katalog_S (als Zahl);bb_e2s_Gebaeude.BGF;bb_e2s_Gebaeude: BGF+0.5*Nebenflaechen;Summe Flächen BG-relevanter Bauteile;Fläche bei BG# lc, KOF*3/(2+lc);;Bauteil.S_Bauteil;Bauteil.Bezeichnung;Bauteil.Typ;;;bb_e2s_Gebaeude_Bauteil_ZO.Flaeche;Material_FRVP.R_Rahmenbreite;Material.Info_S;Material.Titel;Schicht.Bezeichnung;d;bb_e2s_Gebaeude_Bauteil_ZO.Kategorie_S;Kurztitel;bb_e2s_Gebaeude_Bauteil_ZO.Kategorie_S;Kurztitel;bb_e2s_Gebaeude_Bauteil_ZO.Kategorie_S;Kurztitel;Bauteiltyp.Bezeichnung;Bauteiltypgruppe.Bezeichnung_de;Aufteilung;;;;;;;;Bauteiltyp;Material.Funktionale_Einheit;Bauteiltyp.Bauteil_Kategorie_S;Kategorie.Titel;;;Subschicht.U_relevant (db: 0/1);Anzahl Austauschzyklen;damit wird gerechnet!;bb_e2s_Nutzungsdauer_Kat.Nutzungsdauer bzw. bb_e2s_Gebaeude_NDKat_ZO.Nutzungsdauer;bb_e2s_Nutzungsdauer_Kat.Bezeichnung_de;Material_e2s.S_Nutzungsdauer;;;override;;override;;;;;;;;;;;;;;;;;;Subschicht.OI3_ab_BG bzw. Material.N_OI3_ab_BG;Bauteil.OI3_relevant_ab_BG;bb_e2s_Gebaeude.OI3_BG;;;;;;;;;;;;;;;;;;;;;;;;;;;;;
Gebäudeschlüssel;Gebäudebezeichnung;Betrachtungszeitraum;Nutzungsdauer;Nutzungsdauerkatalog;Bezugsgröße, Kürzel;Bezugsgröße, Zahlenwert;Bezugsgröße, Einheit;Richtwertekatalog;BGF;BZF;KOF;KOF lc;Sanierungsjahr;Bauteil-Schlüssel;Bauteilbezeichnung;Bauteiltyp-Schlüssel;Gebäudeteil;sonstige nuw;Bauteilfläche ges.;Rahmenbreite;Material-Schlüssel;Materialbezeichnung;Schichtbezeichnung;Schicht-Dicke;1. S_Kategorie;1. Bauteil-Kategorie;2. S_Kategorie;2. Bauteil-Kategorie;3. S_Kategorie;3. Bauteil-Kategorie;Bauteiltyp;Bauteiltypgruppe;Schichtanteil;Volumen;Dichte;Masse;Menge;Menge Final;Menge Final Gesamt;Menge pro m² BZF;FE_Bauteil;FE_Material;Kategorie-Schlüssel;Kategorie;Schichtsortierung;Schichtsortierung_inh;Schicht_U_relevant;Schicht_ND_Anzahl;Schicht_ND_FINAL;Schicht_ND_Kat Jahre;Schicht_ND_Kat_Bezeichnung;Schicht_ND_eigene_Eingabe;Baujahr;Entsorgung_Ist;Entsorgung_Ist;Entsorgung_Pot;Entsorgung_Pot;Entsorgung_Min;Entsorgung_Org;Entsorgung_Met;EI-Summand;Material PENRT;Material PENRE;Material PENRM;Material PERT;Material PERE;Material PERM;Material GWP-total;Material GWP-fossil;Material GWP-biogenic;Material AP;Material EP;Material POCP;Material ODP;OI3_ab_BG: (Sub)Schicht/nuwrb;OI3_ab_BG: Bauteil;OI3_BG: Gebäude;m² Bt PENRT;m² Bt PENRE;m² Bt PENRM;m² Bt PERT;m² Bt PERE;m² Bt PERM;m² Bt GWP-total;m² Bt GWP-fossil;m² Bt GWP-biogenic;m² Bt AP;m² Bt EP;m² Bt POCP;m² Bt ODP;Delta-OI3;OI-KON;Geb PENRT;Geb PENRE;Geb PENRM;Geb PERT;Geb PERE;Geb PERM;Geb GWP-total;Geb GWP-fossil;Geb GWP-biogenic;Geb AP;Geb EP;Geb POCP;Geb ODP;
26507;Forsthausgasse Kumuliert Ökologisch neu;100;ja, ganzzahlig (1);2;BZF;21798;m²;2;21798;21798;71224,1674;;;820017;AW_Stahlbeton-Außenwand, WDVS, Dämmstoff Schafwolle;101;opake Bauteile;nein;8684,53;;;Spachtel - Gipsspachtel;;0,005;;;;;;;gegen Außenluft - nicht hinterlüftet;Wand;100%;0,005;1000;5;;5;43422,65;1,9920474355445;m²;kg;30358;Bauteile aus dem Energieausweis;1;1;ja;2;35;50;Sekundärkonstruktion;35;;4;;5;;100;0;0;;3,067355;3,067355;0;0,1934889;0,1934889;0;0,15785514;0,16285514;-0,005;0,00060359172;0,00027267961;5,5086983E-5;1,6862043E-8;0;0;3;46,010325;46,010325;0;2,9023335;2,9023335;0;2,4178271;2,4428271;-0,025;0,0090538758;0,00409019415;0,000826304745;2,52930645E-7;3,1438321233333;77,610575458;18,330949984964;18,330949984964;0;1,156317201154;1,156317201154;0;0,96328525482902;0,97324549200674;-0,0099602371777227;0,0036071500138258;0,0016295721534774;0,00032920764965111;1,0076996854858E-7;
26507;Forsthausgasse Kumuliert Ökologisch neu;100;ja, ganzzahlig (1);2;BZF;21798;m²;2;21798;21798;71224,1674;;;820017;AW_Stahlbeton-Außenwand, WDVS, Dämmstoff Schafwolle;101;opake Bauteile;nein;8684,53;;;Stahlbeton 100 kg/m³ Armierungsstahl (1,25 Vol.%);;0,2;;;;;;;gegen Außenluft - nicht hinterlüftet;Wand;100%;0,2;2325;465;;465;4038306,45;185,26041150564;m²;kg;30358;Bauteile aus dem Energieausweis;2;1;ja;0;100;100;Primärkonstruktion - Tragkonstruktion;100;;2;;2;;96;0;4;;1,7790422;1,7790422;0;0,057847087;0,057847087;0;0,17615758;0,17615758;0;0,00045210331;0,0002862407;8,7387294E-5;5,7617732E-9;0;0;3;827,254623;827,254623;0;26,898895455;26,898895455;0;81,9132747;81,9132747;0;0,21022803915;0,1331019255;0,04063509171;2,679224538E-6;69,25777177;77,610575458;329,5860900579;329,5860900579;0;10,716775142023;10,716775142023;0;32,635025760638;32,635025760638;0;0,083756845253663;0,053029069871663;0,016189406046805;1,0674284740342E-6;
26507;Forsthausgasse Kumuliert Ökologisch neu;100;ja, ganzzahlig (1);2;BZF;21798;m²;2;21798;21798;71224,1674;;;820017;AW_Stahlbeton-Außenwand, WDVS, Dämmstoff Schafwolle;101;opake Bauteile;nein;8684,53;;;Kleber mineralisch;;0,005;;;;;;;gegen Außenluft - nicht hinterlüftet;Wand;100%;0,005;1800;9;;9;78160,77;3,5856853839802;m²;kg;30358;Bauteile aus dem Energieausweis;3;1;ja;2;35;35;Sekundärkonstruktion - WDVS;;;3;;5;;100;0;0;;4,1828141;4,1828141;0;0,2095049;0,2095049;0;0,33500772;0,33500772;0;0,00093550913;0,00055868155;0,00011597773;1,9948804E-8;0;0;3;112,9359807;112,9359807;0;5,6566323;5,6566323;0;9,04520844;9,04520844;0;0,02525874651;0,01508440185;0,00313139871;5,38617708E-7;8,639900298;77,610575458;44,994766146829;44,994766146829;0;2,2536559734067;2,2536559734067;0;3,6036968553736;3,6036968553736;0;0,010063324242063;0,0060097688044032;0,0012475789539846;2,1459040479206E-7;
26507;Forsthausgasse Kumuliert Ökologisch neu;100;ja, ganzzahlig (1);2;BZF;21798;m²;2;21798;21798;71224,1674;;;820017;AW_Stahlbeton-Außenwand, WDVS, Dämmstoff Schafwolle;101;opake Bauteile;nein;8684,53;;2142685608;ISOLENA Schafwolle, Premium,  20 kg/m³;;0,21;;;;;;;gegen Außenluft - nicht hinterlüftet;Wand;100%;0,21;20;4,2;;4,2;36475,026;1,6733198458574;m²;kg;30358;Bauteile aus dem Energieausweis;4;1;ja;1;50;50;Sekundärkonstruktion;;;3;;3;;0;100;0;;10,75;10,1;0,65;;;;-0,844;0,726;-1,57;0,00366;;;;0;0;3;90,3;84,84;5,46;;;;-0,4956;6,0984;-6,594;0,030744;;;;7,0266;77,610575458;35,976376685934;33,80106088632;2,1753157996146;;;;-0,19745174181118;2,429660416185;-2,6271121579961;0,012248701271676;;;;
26507;Forsthausgasse Kumuliert Ökologisch neu;100;ja, ganzzahlig (1);2;BZF;21798;m²;2;21798;21798;71224,1674;;;820017;AW_Stahlbeton-Außenwand, WDVS, Dämmstoff Schafwolle;101;opake Bauteile;nein;8684,53;;;Silikatputz (ohne Kunstharzzusatz) armiert;;0,01;;;;;;;gegen Außenluft - nicht hinterlüftet;Wand;100%;0,01;1800;18;;18;156321,54;7,1713707679604;m²;kg;30358;Bauteile aus dem Energieausweis;5;1;ja;2;35;35;Putze/Untergrund;;;2;;5;;100;0;0;;5,7182114;5,675873825;0,042337575;0,28684765;0,28684765;0;0,33680376;0,33680376;0;0,0017433042;0,0007509585;0,00011893615;3,9664562E-8;0;0;3;308,7834156;306,49718655;2,28622905;15,4897731;15,4897731;0;18,18740304;18,18740304;0;0,0941384268;0,040551759;0,0064225521;2,141886348E-6;25,8758046;77,610575458;123,02224223693;122,11138689371;0,91085534322399;6,1712725562044;6,1712725562044;0;7,2460339170094;7,2460339170094;0;0,037505642338628;0,016156205504554;0,0025588056880912;8,5334784135225E-7;
26507;Forsthausgasse Kumuliert Ökologisch neu;100;ja, ganzzahlig (1);2;BZF;21798;m²;2;21798;21798;71224,1674;;;820020;DA_Stahlbeton-Flachdach, Warmdach (Gründach), Dämmstoff Schafwolle;114;opake Bauteile;nein;3529,1;;;Sand, Kies lufttrocken, Pflanzensubstrat;Pflanzensubstrat;0,1;;;;;;;Flach- oder Schrägdach gegen Außenluft - nicht hinterlüftet - Wärmestrom nach oben;Decke, Dach;100%;0,1;1700;170;;170;599947;27,523029635746;m²;kg;30358;Bauteile aus dem Energieausweis;1;1;ja;1;50;50;Sekundärkonstruktion;;;2;;1;;100;0;0;;0,30813686;0,30813686;0;0,0031284692;0,0031284692;0;0,021635006;0,021635006;0;6,8032023E-5;1,4694027E-5;6,8277963E-6;2,5662177E-9;1;0;3;104,7665324;104,7665324;0;1,063679528;1,063679528;0;7,35590204;7,35590204;0;0,02313088782;0,00499596918;0,002321450742;8,72514018E-7;7,802319796;196,39055273773;16,961719859292;16,961719859292;0;0,17220990101224;0,17220990101224;0;1,1909218226151;1,1909218226151;0;0,0037448947704176;0,00080884828117892;0,00037584327982348;1,4126017161775E-7;
26507;Forsthausgasse Kumuliert Ökologisch neu;100;ja, ganzzahlig (1);2;BZF;21798;m²;2;21798;21798;71224,1674;;;820020;DA_Stahlbeton-Flachdach, Warmdach (Gründach), Dämmstoff Schafwolle;114;opake Bauteile;nein;3529,1;;;Vlies PP;;0,0001;;;;;;;Flach- oder Schrägdach gegen Außenluft - nicht hinterlüftet - Wärmestrom nach oben;Decke, Dach;100%;0,0001;300;0,03;;0,03;105,873;0,0048570052298376;m²;kg;30358;Bauteile aus dem Energieausweis;2;1;ja;3;25;25;Gebäudeabdichtung/Folien, 25a;;;3;;3;;0;100;0;;85,988403;43,518403;42,47;1,3022769;1,3022769;0;2,8430924;2,8640924;-0,021;0,0083217996;0,0016064607;0,0024785428;3,9116874E-8;0;0;3;10,31860836;5,22220836;5,0964;0,156273228;0,156273228;0;0,343061088;0,343691088;-0,00063;0,000998615952;0,000192775284;0,000297425136;4,69402488E-9;0,5342792536;196,39055273773;1,6705844923055;0,84547644386072;0,82510804844481;0,025300662855987;0,025300662855987;0;0,055541649952326;0,055643647062152;-0,00010199710982659;0,00016167609671544;3,1210352085714E-5;4,8153181367905E-5;7,5996344637159E-10;
26507;Forsthausgasse Kumuliert Ökologisch neu;100;ja, ganzzahlig (1);2;BZF;21798;m²;2;21798;21798;71224,1674;;;820020;DA_Stahlbeton-Flachdach, Warmdach (Gründach), Dämmstoff Schafwolle;114;opake Bauteile;nein;3529,1;;;Schüttungen aus Sand, Kies, Splitt (1800 kg/m³);;0,04;;;;;;;Flach- oder Schrägdach gegen Außenluft - nicht hinterlüftet - Wärmestrom nach oben;Decke, Dach;100%;0,04;1800;72;;72;254095,2;11,65681255161;m²;kg;30358;Bauteile aus dem Energieausweis;3;1;ja;1;50;50;Sekundärkonstruktion;;;2;;1;;100;0;0;;0,1037084;0,1037084;0;0,0026199717;0,0026199717;0;0,0070793303;0,0070793303;0;4,833208E-5;1,4589555E-5;5,2414253E-6;7,5267096E-10;0;0;3;14,9340096;14,9340096;0;0,3772759248;0,3772759248;0;1,0194235632;1,0194235632;0;0,00695981952;0,00210089592;0,0007547652432;1,0838461824E-7;1,5956801832;196,39055273773;2,4178187576548;2,4178187576548;0;0,061081037994847;0,061081037994847;0;0,16504485259607;0,16504485259607;0;0,0011267959935789;0,00034013541569282;0,00012219662445073;1,7547488587521E-8;
26507;Forsthausgasse Kumuliert Ökologisch neu;100;ja, ganzzahlig (1);2;BZF;21798;m²;2;21798;21798;71224,1674;;;820020;DA_Stahlbeton-Flachdach, Warmdach (Gründach), Dämmstoff Schafwolle;114;opake Bauteile;nein;3529,1;;;Gummigranulatmatte;;0,004;;;;;;;Flach- oder Schrägdach gegen Außenluft - nicht hinterlüftet - Wärmestrom nach oben;Decke, Dach;100%;0,004;810;3,24;;3,24;11434,284;0,52455656482246;m²;kg;30358;Bauteile aus dem Energieausweis;4;1;ja;1;50;25;Gebäudeabdichtung/Folien, 25a;50;;3;;3;;0;100;0;;51,504572;19,704072;31,8005;1,2021749;1,2021749;0;1,2853891;1,2853891;0;0,0056550014;0,002660546;0,00054692294;3,3075272E-8;1;0;3;333,74962656;127,68238656;206,06724;7,790093352;7,790093352;0;8,329321368;8,329321368;0;0,036644409072;0,01724033808;0,0035440606512;2,1432776256E-7;17,3991289896;196,39055273773;54,034122721942;20,671800642669;33,362322079273;1,2612174717196;1,2612174717196;0;1,3485185815125;1,3485185815125;0;0,0059327362169004;0,0027912137406243;0,000573784037258;3,4699702121777E-8;
26507;Forsthausgasse Kumuliert Ökologisch neu;100;ja, ganzzahlig (1);2;BZF;21798;m²;2;21798;21798;71224,1674;;;820020;DA_Stahlbeton-Flachdach, Warmdach (Gründach), Dämmstoff Schafwolle;114;opake Bauteile;nein;3529,1;;;Vlies PP;;0,0001;;;;;;;Flach- oder Schrägdach gegen Außenluft - nicht hinterlüftet - Wärmestrom nach oben;Decke, Dach;100%;0,0001;300;0,03;;0,03;105,873;0,0048570052298376;m²;kg;30358;Bauteile aus dem Energieausweis;5;1;ja;1;50;25;Gebäudeabdichtung/Folien, 25a;50;;3;;3;;0;100;0;;85,988403;43,518403;42,47;1,3022769;1,3022769;0;2,8430924;2,8640924;-0,021;0,0083217996;0,0016064607;0,0024785428;3,9116874E-8;1;0;3;5,15930418;2,61110418;2,5482;0,078136614;0,078136614;0;0,171215544;0,171845544;-0,00063;0,000499307976;9,6387642E-5;0,000148712568;2,34701244E-9;0,2670871268;196,39055273773;0,83529224615277;0,42273822193036;0,41255402422241;0,012650331427993;0,012650331427993;0;0,02771982642125;0,027821823531076;-0,00010199710982659;8,0838048357721E-5;1,5605176042857E-5;2,4076590683953E-5;3,799817231858E-10;
26507;Forsthausgasse Kumuliert Ökologisch neu;100;ja, ganzzahlig (1);2;BZF;21798;m²;2;21798;21798;71224,1674;;;820020;DA_Stahlbeton-Flachdach, Warmdach (Gründach), Dämmstoff Schafwolle;114;opake Bauteile;nein;3529,1;;;Polymerbitumen-Dichtungsbahn;;0,01;;;;;;;Flach- oder Schrägdach gegen Außenluft - nicht hinterlüftet - Wärmestrom nach oben;Decke, Dach;100%;0,01;1100;11;;11;38820,1;1,7809019176071;m²;kg;30358;Bauteile aus dem Energieausweis;6;1;ja;1;50;25;Gebäudeabdichtung/Folien, 25a;50;;3;;5;;0;100;0;;41,596041;17,239441;24,3566;0,66435393;0,66435393;0;0,82198999;0,82398999;-0,002;0,0055642144;0,001815216;0,0011380679;3,1630835E-7;1;0;3;915,112902;379,267702;535,8452;14,61578646;14,61578646;0;18,10577978;18,12777978;-0,022;0,1224127168;0,039934752;0,0250374938;6,9587837E-6;49,843088936667;196,39055273773;148,15693836353;61,40350707075;86,753431292779;2,3662983758137;2,3662983758137;0;2,9313289027249;2,9348907065601;-0,0035618038352142;0,019818640189874;0,0064654433105423;0,0040535746109542;1,1266282941403E-6;
26507;Forsthausgasse Kumuliert Ökologisch neu;100;ja, ganzzahlig (1);2;BZF;21798;m²;2;21798;21798;71224,1674;;;820020;DA_Stahlbeton-Flachdach, Warmdach (Gründach), Dämmstoff Schafwolle;114;opake Bauteile;nein;3529,1;;2142685608;ISOLENA Schafwolle, Premium,  20 kg/m³;;0,24;;;;;;;Flach- oder Schrägdach gegen Außenluft - nicht hinterlüftet - Wärmestrom nach oben;Decke, Dach;100%;0,24;20;4,8;;4,8;16939,68;0,77712083677402;m²;kg;30358;Bauteile aus dem Energieausweis;7;1;ja;1;50;50;Sekundärkonstruktion;;;3;;3;;0;100;0;;10,75;10,1;0,65;;;;-0,844;0,726;-1,57;0,00366;;;;0;0;3;103,2;96,96;6,24;;;;-0,5664;6,9696;-7,536;0,035136;;;;8,0304;196,39055273773;16,708097990641;15,697840902835;1,0102570878062;;;;-0,091700258739334;1,1283794549959;-1,2200797137352;0,0056885245251858;;;;
26507;Forsthausgasse Kumuliert Ökologisch neu;100;ja, ganzzahlig (1);2;BZF;21798;m²;2;21798;21798;71224,1674;;;820020;DA_Stahlbeton-Flachdach, Warmdach (Gründach), Dämmstoff Schafwolle;114;opake Bauteile;nein;3529,1;;;Dachauflegebahn aus Polyethylen (PE) - diffusionsoffen;Polyethylenbahn (PE);0,0002;;;;;;;Flach- oder Schrägdach gegen Außenluft - nicht hinterlüftet - Wärmestrom nach oben;Decke, Dach;100%;0,0002;980;0,196;;0,196;691,7036;0,031732434168272;m²;kg;30358;Bauteile aus dem Energieausweis;8;1;ja;1;50;25;Gebäudeabdichtung/Folien, 25a;50;;3;;4;;0;100;0;;104,64623;62,17623;42,47;0,94013895;0,94013895;0;3,2929383;3,2929383;0;0,0082794385;0,00087736425;0,0031517877;2,850666E-7;1;0;3;41,02132216;24,37308216;16,64824;0,3685344684;0,3685344684;0;1,2908318136;1,2908318136;0;0,003245539892;0,000343926786;0,0012355007784;1,117461072E-7;2,0152546932;196,39055273773;6,6413592088658;3,9460062506127;2,6953529582531;0,059665794679807;0,059665794679807;0;0,20898589564987;0,20898589564987;0;0,00052545347430302;5,5681806609441E-5;0,00020002779140524;1,8091714236146E-8;
26507;Forsthausgasse Kumuliert Ökologisch neu;100;ja, ganzzahlig (1);2;BZF;21798;m²;2;21798;21798;71224,1674;;;820020;DA_Stahlbeton-Flachdach, Warmdach (Gründach), Dämmstoff Schafwolle;114;opake Bauteile;nein;3529,1;;;XPS–G 50 40 bis 60 mm (38 kg/m³);Gefällekeile (im Mittel);0,06;;;;;;;Flach- oder Schrägdach gegen Außenluft - nicht hinterlüftet - Wärmestrom nach oben;Decke, Dach;100%;0,06;38;2,28;;2,28;8046,348;0,36913239746766;m²;kg;30358;Bauteile aus dem Energieausweis;9;1;ja;1;50;50;Sekundärkonstruktion;;;4;;4;;0;100;0;;93,564521;53,564521;40;0,87851628;0,87851628;0;4,235381;4,235381;0;0,015538752;0,002572251;0,0081632105;6,1317667E-8;0;0;3;426,65421576;244,25421576;182,4;4,0060342368;4,0060342368;0;19,31333736;19,31333736;0;0,07085670912;0,01172946456;0,03722423988;2,7960856152E-7;26,888257968;196,39055273773;69,075391909286;39,544800111873;29,530591797413;0,64857764130154;0,64857764130154;0;3,1268326854379;3,1268326854379;0;0,011471713558831;0,0018990023570372;0,0060266109257963;4,5268674853667E-8;
26507;Forsthausgasse Kumuliert Ökologisch neu;100;ja, ganzzahlig (1);2;BZF;21798;m²;2;21798;21798;71224,1674;;;820020;DA_Stahlbeton-Flachdach, Warmdach (Gründach), Dämmstoff Schafwolle;114;opake Bauteile;nein;3529,1;;;Aluminium-Bitumendichtungsbahn;;0,005;;;;;;;Flach- oder Schrägdach gegen Außenluft - nicht hinterlüftet - Wärmestrom nach oben;Decke, Dach;100%;0,005;1100;5,5;;5,5;19410,05;0,89045095880356;m²;kg;30358;Bauteile aus dem Energieausweis;10;1;ja;1;50;35;Gebäudeabdichtung/Folien, 35a;50;;5;;5;;0;100;0;;51,20166;25,131136;26,070524;2,4764842;2,4764842;0;1,6023311;1,6263311;-0,024;0,0086886603;0,0020917025;0,0012318813;3,3591715E-7;1;0;3;563,21826;276,442496;286,775764;27,2413262;27,2413262;0;17,7576421;17,8896421;-0,132;0,0955752633;0,0230087275;0,0135506943;3,69508865E-6;34,476917456667;196,39055273773;91,185134478668;44,756088294045;46,429046184622;4,4103754607037;4,4103754607037;0;2,8749653516428;2,8963361746541;-0,021370823011285;0,015473651789707;0,0037251169933136;0,0021938597694344;5,9823549659212E-7;
26507;Forsthausgasse Kumuliert Ökologisch neu;100;ja, ganzzahlig (1);2;BZF;21798;m²;2;21798;21798;71224,1674;;;820020;DA_Stahlbeton-Flachdach, Warmdach (Gründach), Dämmstoff Schafwolle;114;opake Bauteile;nein;3529,1;;;Stahlbeton 120 kg/m³ Armierungsstahl (1,5 Vol.%);;0,24;;;;;;;Flach- oder Schrägdach gegen Außenluft - nicht hinterlüftet - Wärmestrom nach oben;Decke, Dach;100%;0,24;2350;564;;564;1990412,4;91,311698320947;m²;kg;30358;Bauteile aus dem Energieausweis;11;1;ja;0;100;100;Primärkonstruktion - Tragkonstruktion;100;;;;;;;;;;1,7348205;1,7348205;0;0,051865823;0,051865823;0;0,16470076;0,16470076;0;0,00043392477;0,00027318895;8,6935074E-5;4,9825124E-9;0;0;3;978,438762;978,438762;0;29,252324172;29,252324172;0;92,89122864;92,89122864;0;0,24473357028;0,1540785678;0,049031381736;2,8101369936E-6;80,727639544;196,39055273773;158,40940613699;158,40940613699;0;4,7359563829436;4,7359563829436;0;15,039106110351;15,039106110351;0;0,039622407692226;0,024945346987016;0,0079381892505972;4,5496166914918E-7;
26507;Forsthausgasse Kumuliert Ökologisch neu;100;ja, ganzzahlig (1);2;BZF;21798;m²;2;21798;21798;71224,1674;;;820020;DA_Stahlbeton-Flachdach, Warmdach (Gründach), Dämmstoff Schafwolle;114;opake Bauteile;nein;3529,1;;;Spachtel - Gipsspachtel;;0,005;;;;;;;Flach- oder Schrägdach gegen Außenluft - nicht hinterlüftet - Wärmestrom nach oben;Decke, Dach;100%;0,005;1000;5;;5;17645,5;0,8095008716396;m²;kg;30358;Bauteile aus dem Energieausweis;12;1;ja;2;35;50;Sekundärkonstruktion;35;;4;;5;;100;0;0;;3,067355;3,067355;0;0,1934889;0,1934889;0;0,15785514;0,16285514;-0,005;0,00060359172;0,00027267961;5,5086983E-5;1,6862043E-8;0;0;3;46,010325;46,010325;0;2,9023335;2,9023335;0;2,4178271;2,4428271;-0,025;0,0090538758;0,00409019415;0,000826304745;2,52930645E-7;3,1438321233333;196,39055273773;7,4490796383843;7,4490796383843;0;0,46988829960776;0,46988829960776;0;0,39144662898477;0,39549413334297;-0,004047504358198;0,0014658240703633;0,00066220314592004;0,00013377888226349;4,0949515518373E-8;
26507;Forsthausgasse Kumuliert Ökologisch neu;100;ja, ganzzahlig (1);2;BZF;21798;m²;2;21798;21798;71224,1674;;;820018;GD_Stahlbetondecke, Dämmstoff Glaswolle;116;opake Bauteile;nein;31098,91;;;Mehrschichtparkett;;0,012;;;;;;;gegen Außenluft - nicht hinterlüftet - Wärmestrom nach unten;Boden;100%;0,012;740;8,88;;8,88;276158,3208;12,668975172034;m²;kg;30358;Bauteile aus dem Energieausweis;1;1;ja;;;;;;;2;;2;;0;100;0;;16,942876;16,247876;0,695;24,553808;7,253808;17,3;-0,55681365;0,94918635;-1,506;0,005246405;0,0021616692;0,00083573289;9,9083487E-8;1;0;3;;;;;;;0;;;;;;;;115,57552984233;;;;;;;0;;;;;;;
26507;Forsthausgasse Kumuliert Ökologisch neu;100;ja, ganzzahlig (1);2;BZF;21798;m²;2;21798;21798;71224,1674;;;820018;GD_Stahlbetondecke, Dämmstoff Glaswolle;116;opake Bauteile;nein;31098,91;;;Extrudierter PE-Schaumstoff (25 kg/m³);;0,003;;;;;;;gegen Außenluft - nicht hinterlüftet - Wärmestrom nach unten;Boden;100%;0,003;25;0,075;;0,075;2332,41825;0,10700147949353;m²;kg;30358;Bauteile aus dem Energieausweis;2;1;nein;3;25;25;Gebäudeabdichtung/Folien, 25a;;;3;;5;;0;100;0;;88,133819;45,663819;42,47;1,8510691;1,8510691;0;2,8753738;2,8753738;0;0,011861691;0,0021560686;0,0087272681;7,2560324E-8;1;0;3;26,4401457;13,6991457;12,741;0,55532073;0,55532073;0;0,86261214;0,86261214;0;0,0035585073;0,00064682058;0,00261818043;2,17680972E-8;1,49957452;115,57552984233;37,72179610566;19,544384769299;18,177411336361;0,79226852937904;0,79226852937904;0;1,2306770027878;1,2306770027878;0;0,0050768739451804;0,00092281012035819;0,0037353223945468;3,105624808212E-8;
26507;Forsthausgasse Kumuliert Ökologisch neu;100;ja, ganzzahlig (1);2;BZF;21798;m²;2;21798;21798;71224,1674;;;820018;GD_Stahlbetondecke, Dämmstoff Glaswolle;116;opake Bauteile;nein;31098,91;;;Zement- und Zementfließestrich (2000 kg/m³);;0,05;;;;;;;gegen Außenluft - nicht hinterlüftet - Wärmestrom nach unten;Boden;100%;0,05;2000;100;;100;3109891;142,66863932471;m²;kg;30358;Bauteile aus dem Energieausweis;3;1;ja;1;50;50;Sekundärkonstruktion;;;3;;4;;100;0;0;;1,3382216;1,3382216;0;0,12393289;0,12393289;0;0,15118186;0,15118186;0;0,00031549675;0,00020401282;4,8205521E-5;4,8452447E-9;0;0;3;267,64432;267,64432;0;24,786578;24,786578;0;30,236372;30,236372;0;0,06309935;0,040802564;0,0096411042;9,6904894E-7;22,374119333333;115,57552984233;381,84450957387;381,84450957387;0;35,362673567758;35,362673567758;0;43,137820513557;43,137820513557;0;0,090022984067736;0,058212462868393;0,013754832178017;1,3825289370885E-6;
26507;Forsthausgasse Kumuliert Ökologisch neu;100;ja, ganzzahlig (1);2;BZF;21798;m²;2;21798;21798;71224,1674;;;820018;GD_Stahlbetondecke, Dämmstoff Glaswolle;116;opake Bauteile;nein;31098,91;;;Dachauflegebahn aus Polyethylen (PE) - diffusionsoffen;Polyethylenbahn (PE);0,0002;;;;;;;gegen Außenluft - nicht hinterlüftet - Wärmestrom nach unten;Boden;100%;0,0002;980;0,196;;0,196;6095,38636;0,27963053307643;m²;kg;30358;Bauteile aus dem Energieausweis;4;1;ja;1;50;25;Gebäudeabdichtung/Folien, 25a;50;;3;;4;;0;100;0;;104,64623;62,17623;42,47;0,94013895;0,94013895;0;3,2929383;3,2929383;0;0,0082794385;0,00087736425;0,0031517877;2,850666E-7;0;0;3;41,02132216;24,37308216;16,64824;0,3685344684;0,3685344684;0;1,2908318136;1,2908318136;0;0,003245539892;0,000343926786;0,0012355007784;1,117461072E-7;2,0152546932;115,57552984233;58,524562158677;34,772744679165;23,751817479512;0,52578311150883;0,52578311150883;0;1,8416121844336;1,8416121844336;0;0,004630367602657;0,0004906756658594;0,0017626721493895;1,5942665064057E-7;
26507;Forsthausgasse Kumuliert Ökologisch neu;100;ja, ganzzahlig (1);2;BZF;21798;m²;2;21798;21798;71224,1674;;;820018;GD_Stahlbetondecke, Dämmstoff Glaswolle;116;opake Bauteile;nein;31098,91;;;Glaswolle MW(GW)-T (80 kg/m³);;0,03;;;;;;;gegen Außenluft - nicht hinterlüftet - Wärmestrom nach unten;Boden;100%;0,03;80;2,4;;2,4;74637,384;3,424047343793;m²;kg;30358;Bauteile aus dem Energieausweis;5;1;ja;1;50;50;Sekundärkonstruktion;;;4;;3;;100;0;0;;45,731992;45,731992;0;2,1062276;2,1062276;0;2,4170243;2,4220243;-0,005;0,014977372;0,0068625475;0,0016468656;2,6073394E-7;0;0;3;219,5135616;219,5135616;0;10,10989248;10,10989248;0;11,61371664;11,62571664;-0,012;0,0718913856;0,032940228;0,00790495488;1,251522912E-6;18,83825624;115,57552984233;313,17701146793;313,17701146793;0;14,423646038407;14,423646038407;0;16,569131505315;16,586251742034;-0,017120236718965;0,1025664616272;0,046995375078057;0,011277891566528;1,7855307093874E-6;
26507;Forsthausgasse Kumuliert Ökologisch neu;100;ja, ganzzahlig (1);2;BZF;21798;m²;2;21798;21798;71224,1674;;;820018;GD_Stahlbetondecke, Dämmstoff Glaswolle;116;opake Bauteile;nein;31098,91;;;Dampfbremse Polyethylen (PE);;0,002;;;;;;;gegen Außenluft - nicht hinterlüftet - Wärmestrom nach unten;Boden;100%;0,002;650;1,3;;1,3;40428,583;1,8546923112212;m²;kg;30358;Bauteile aus dem Energieausweis;6;1;ja;1;50;35;Gebäudeabdichtung/Folien, 35a;50;;3;;3;;0;100;0;;84,444359;41,974359;42,47;3,1728236;3,1728236;0;2,6102582;2,6102582;0;0,010141371;0,0024516007;0,0027319208;4,4255016E-8;0;0;3;219,5553334;109,1333334;110,422;8,24934136;8,24934136;0;6,78667132;6,78667132;0;0,0263675646;0,00637416182;0,00710299408;1,150630416E-7;11,96529828;115,57552984233;313,23660672661;155,69904181148;157,53756491513;11,769223071562;11,769223071562;0;9,6824516276842;9,6824516276842;0;0,037618245637884;0,0090939299369491;0,010133745005251;1,6415887581634E-7;
26507;Forsthausgasse Kumuliert Ökologisch neu;100;ja, ganzzahlig (1);2;BZF;21798;m²;2;21798;21798;71224,1674;;;820018;GD_Stahlbetondecke, Dämmstoff Glaswolle;116;opake Bauteile;nein;31098,91;;;Zementgebundenes EPS-Granulat (99 kg/m³);Ausgleichschüttung;0,05;;;;;;;gegen Außenluft - nicht hinterlüftet - Wärmestrom nach unten;Boden;100%;0,05;99;4,95;;4,95;153939,6045;7,0620976465731;m²;kg;30358;Bauteile aus dem Energieausweis;7;1;ja;1;50;50;Sekundärkonstruktion;;;5;;4;;10;90;0;;25,059198;15,951198;9,108;0,29964667;0,29964667;0;1,3072732;1,3072732;0;0,0039358756;0,00096738598;0,0021923191;3,5665204E-8;0;0;3;248,0860602;157,9168602;90,1692;2,966502033;2,966502033;0;12,94200468;12,94200468;0;0,03896516844;0,009577121202;0,02170395909;3,530855196E-7;15,621891912;115,57552984233;353,94100644162;225,29783571164;128,64317072998;4,2322680860209;4,2322680860209;0;18,464181978296;18,464181978296;0;0,055591075623929;0,013663548505372;0,030964743113294;5,037423064659E-7;
26507;Forsthausgasse Kumuliert Ökologisch neu;100;ja, ganzzahlig (1);2;BZF;21798;m²;2;21798;21798;71224,1674;;;820018;GD_Stahlbetondecke, Dämmstoff Glaswolle;116;opake Bauteile;nein;31098,91;;;Vlies PP;;0,0001;;;;;;;gegen Außenluft - nicht hinterlüftet - Wärmestrom nach unten;Boden;100%;0,0001;300;0,03;;0,03;932,9673;0,042800591797413;m²;kg;30358;Bauteile aus dem Energieausweis;8;1;ja;1;50;25;Gebäudeabdichtung/Folien, 25a;50;;3;;3;;0;100;0;;85,988403;43,518403;42,47;1,3022769;1,3022769;0;2,8430924;2,8640924;-0,021;0,0083217996;0,0016064607;0,0024785428;3,9116874E-8;0;0;3;5,15930418;2,61110418;2,5482;0,078136614;0,078136614;0;0,171215544;0,171845544;-0,00063;0,000499307976;9,6387642E-5;0,000148712568;2,34701244E-9;0,2670871268;115,57552984233;7,3607090722288;3,7252268049566;3,6354822672722;0,1114764440082;0,1114764440082;0;0,2442708869372;0,24516969936494;-0,00089881242774566;0,00071235589539894;0,00013751493731857;0,00021216619727043;3,3484507129296E-9;
26507;Forsthausgasse Kumuliert Ökologisch neu;100;ja, ganzzahlig (1);2;BZF;21798;m²;2;21798;21798;71224,1674;;;820018;GD_Stahlbetondecke, Dämmstoff Glaswolle;116;opake Bauteile;nein;31098,91;;;Stahlbeton 100 kg/m³ Armierungsstahl (1,25 Vol.%);;0,22;;;;;;;gegen Außenluft - nicht hinterlüftet - Wärmestrom nach unten;Boden;100%;0,22;2325;511,5;;511,5;15907092,465;729,75009014588;m²;kg;30358;Bauteile aus dem Energieausweis;9;1;ja;0;100;100;Primärkonstruktion - Tragkonstruktion;100;;2;;2;;96;0;4;;1,7790422;1,7790422;0;0,057847087;0,057847087;0;0,17615758;0,17615758;0;0,00045210331;0,0002862407;8,7387294E-5;5,7617732E-9;0;0;3;909,9800853;909,9800853;0;29,5887850005;29,5887850005;0;90,10460217;90,10460217;0;0,231250843065;0,14641211805;0,044698600881;2,9471469918E-6;76,183548947;115,57552984233;1298,2562058233;1298,2562058233;0;42,213916952927;42,213916952927;0;128,55100988488;128,55100988488;0;0,32992243122775;0,20888417662842;0,063770885674105;4,2046545121001E-6;
26507;Forsthausgasse Kumuliert Ökologisch neu;100;ja, ganzzahlig (1);2;BZF;21798;m²;2;21798;21798;71224,1674;;;820018;GD_Stahlbetondecke, Dämmstoff Glaswolle;116;opake Bauteile;nein;31098,91;;;Spachtel - Gipsspachtel;;0,005;;;;;;;gegen Außenluft - nicht hinterlüftet - Wärmestrom nach unten;Boden;100%;0,005;1000;5;;5;155494,55;7,1334319662354;m²;kg;30358;Bauteile aus dem Energieausweis;10;1;ja;2;35;50;Sekundärkonstruktion;35;;4;;5;;100;0;0;;3,067355;3,067355;0;0,1934889;0,1934889;0;0,15785514;0,16285514;-0,005;0,00060359172;0,00027267961;5,5086983E-5;1,6862043E-8;0;0;3;46,010325;46,010325;0;2,9023335;2,9023335;0;2,4178271;2,4428271;-0,025;0,0090538758;0,00409019415;0,000826304745;2,52930645E-7;3,1438321233333;115,57552984233;65,642304626376;65,642304626376;0;4,1407197131152;4,1407197131152;0;3,4494810247941;3,4851481846252;-0,035667159831177;0,012917041410009;0,0058354243395438;0,001178877736367;3,6085270965671E-7;
26507;Forsthausgasse Kumuliert Ökologisch neu;100;ja, ganzzahlig (1);2;BZF;21798;m²;2;21798;21798;71224,1674;;;820019;KD_Kellerdecke massiv, unterseitig gedämmt, Dämmstoff Mineraldämmplatte;116;opake Bauteile;nein;0;;;Mehrschichtparkett;;0,012;;;;;;;gegen Außenluft - nicht hinterlüftet - Wärmestrom nach unten;Boden;100%;0,012;740;8,88;;8,88;0;0;m²;kg;30358;Bauteile aus dem Energieausweis;1;1;ja;;;;;;;2;;2;;0;100;0;;16,942876;16,247876;0,695;24,553808;7,253808;17,3;-0,55681365;0,94918635;-1,506;0,005246405;0,0021616692;0,00083573289;9,9083487E-8;1;0;3;;;;;;;0;;;;;;;;95,838644932167;;;;;;;0;;;;;;;
26507;Forsthausgasse Kumuliert Ökologisch neu;100;ja, ganzzahlig (1);2;BZF;21798;m²;2;21798;21798;71224,1674;;;820019;KD_Kellerdecke massiv, unterseitig gedämmt, Dämmstoff Mineraldämmplatte;116;opake Bauteile;nein;0;;;Extrudierter PE-Schaumstoff (25 kg/m³);;0,003;;;;;;;gegen Außenluft - nicht hinterlüftet - Wärmestrom nach unten;Boden;100%;0,003;25;0,075;;0,075;0;0;m²;kg;30358;Bauteile aus dem Energieausweis;2;1;nein;3;25;25;Gebäudeabdichtung/Folien, 25a;;;3;;5;;0;100;0;;88,133819;45,663819;42,47;1,8510691;1,8510691;0;2,8753738;2,8753738;0;0,011861691;0,0021560686;0,0087272681;7,2560324E-8;1;0;3;26,4401457;13,6991457;12,741;0,55532073;0,55532073;0;0,86261214;0,86261214;0;0,0035585073;0,00064682058;0,00261818043;2,17680972E-8;1,49957452;95,838644932167;0;0;0;0;0;0;0;0;0;0;0;0;0;
26507;Forsthausgasse Kumuliert Ökologisch neu;100;ja, ganzzahlig (1);2;BZF;21798;m²;2;21798;21798;71224,1674;;;820019;KD_Kellerdecke massiv, unterseitig gedämmt, Dämmstoff Mineraldämmplatte;116;opake Bauteile;nein;0;;;Zement- und Zementfließestrich (2000 kg/m³);;0,05;;;;;;;gegen Außenluft - nicht hinterlüftet - Wärmestrom nach unten;Boden;100%;0,05;2000;100;;100;0;0;m²;kg;30358;Bauteile aus dem Energieausweis;3;1;ja;1;50;50;Sekundärkonstruktion;;;3;;4;;100;0;0;;1,3382216;1,3382216;0;0,12393289;0,12393289;0;0,15118186;0,15118186;0;0,00031549675;0,00020401282;4,8205521E-5;4,8452447E-9;0;0;3;267,64432;267,64432;0;24,786578;24,786578;0;30,236372;30,236372;0;0,06309935;0,040802564;0,0096411042;9,6904894E-7;22,374119333333;95,838644932167;0;0;0;0;0;0;0;0;0;0;0;0;0;
26507;Forsthausgasse Kumuliert Ökologisch neu;100;ja, ganzzahlig (1);2;BZF;21798;m²;2;21798;21798;71224,1674;;;820019;KD_Kellerdecke massiv, unterseitig gedämmt, Dämmstoff Mineraldämmplatte;116;opake Bauteile;nein;0;;;Baupapier;;0,0009;;;;;;;gegen Außenluft - nicht hinterlüftet - Wärmestrom nach unten;Boden;100%;0,0009;500;0,45;;0,45;0;0;m²;kg;30358;Bauteile aus dem Energieausweis;4;1;ja;1;50;35;Gebäudeabdichtung/Folien, 35a;50;;3;;3;;0;100;0;;14,248305;14,248305;0;38,211622;24,444622;13,767;-0,95084049;0,84515951;-1,796;0,005893125;0,0024360761;0,00062504503;7,9133968E-8;0;0;3;12,8234745;12,8234745;0;34,3904598;22,0001598;12,3903;-0,047556441;0,760643559;-0,8082;0,0053038125;0,00219246849;0,000562540527;7,12205712E-8;1,1266980765;95,838644932167;0;0;0;0;0;0;-0;0;-0;0;0;0;0;
26507;Forsthausgasse Kumuliert Ökologisch neu;100;ja, ganzzahlig (1);2;BZF;21798;m²;2;21798;21798;71224,1674;;;820019;KD_Kellerdecke massiv, unterseitig gedämmt, Dämmstoff Mineraldämmplatte;116;opake Bauteile;nein;0;;;Holzfaser WF-T (180 kg/m³);;0,03;;;;;;;gegen Außenluft - nicht hinterlüftet - Wärmestrom nach unten;Boden;100%;0,03;180;5,4;;5,4;0;0;m²;kg;30358;Bauteile aus dem Energieausweis;5;1;ja;1;50;50;Sekundärkonstruktion;;;4;;3;;0;100;0;;14,769349;13,220149;1,5492;18,249452;1,849052;16,4004;-0,74100695;0,87899305;-1,62;0,0034132364;0,0015657657;0,00048339578;6,7269301E-8;0;0;3;159,5089692;142,7776092;16,73136;197,0940816;19,9697616;177,12432;0,74512494;9,49312494;-8,748;0,03686295312;0,01691026956;0,005220674424;7,265084508E-7;10,356213546;95,838644932167;0;0;0;0;0;0;0;0;-0;0;0;0;0;
26507;Forsthausgasse Kumuliert Ökologisch neu;100;ja, ganzzahlig (1);2;BZF;21798;m²;2;21798;21798;71224,1674;;;820019;KD_Kellerdecke massiv, unterseitig gedämmt, Dämmstoff Mineraldämmplatte;116;opake Bauteile;nein;0;;;Dampfbremse Polyethylen (PE);;0,0002;;;;;;;gegen Außenluft - nicht hinterlüftet - Wärmestrom nach unten;Boden;100%;0,0002;650;0,13;;0,13;0;0;m²;kg;30358;Bauteile aus dem Energieausweis;6;1;ja;1;50;35;Gebäudeabdichtung/Folien, 35a;50;;3;;3;;0;100;0;;84,444359;41,974359;42,47;3,1728236;3,1728236;0;2,6102582;2,6102582;0;0,010141371;0,0024516007;0,0027319208;4,4255016E-8;0;0;3;21,95553334;10,91333334;11,0422;0,824934136;0,824934136;0;0,678667132;0,678667132;0;0,00263675646;0,000637416182;0,000710299408;1,150630416E-8;1,196529828;95,838644932167;0;0;0;0;0;0;0;0;0;0;0;0;0;
26507;Forsthausgasse Kumuliert Ökologisch neu;100;ja, ganzzahlig (1);2;BZF;21798;m²;2;21798;21798;71224,1674;;;820019;KD_Kellerdecke massiv, unterseitig gedämmt, Dämmstoff Mineraldämmplatte;116;opake Bauteile;nein;0;;;Schüttungen aus Sand, Kies, Splitt (1800 kg/m³);;0,05;;;;;;;gegen Außenluft - nicht hinterlüftet - Wärmestrom nach unten;Boden;100%;0,05;1800;90;;90;0;0;m²;kg;30358;Bauteile aus dem Energieausweis;7;1;ja;1;50;50;Sekundärkonstruktion;;;2;;1;;100;0;0;;0,1037084;0,1037084;0;0,0026199717;0,0026199717;0;0,0070793303;0,0070793303;0;4,833208E-5;1,4589555E-5;5,2414253E-6;7,5267096E-10;0;0;3;18,667512;18,667512;0;0,471594906;0,471594906;0;1,274279454;1,274279454;0;0,0086997744;0,0026261199;0,000943456554;1,354807728E-7;1,994600229;95,838644932167;0;0;0;0;0;0;0;0;0;0;0;0;0;
26507;Forsthausgasse Kumuliert Ökologisch neu;100;ja, ganzzahlig (1);2;BZF;21798;m²;2;21798;21798;71224,1674;;;820019;KD_Kellerdecke massiv, unterseitig gedämmt, Dämmstoff Mineraldämmplatte;116;opake Bauteile;nein;0;;;Baupapier;Rieselschutz;0,0009;;;;;;;gegen Außenluft - nicht hinterlüftet - Wärmestrom nach unten;Boden;100%;0,0009;500;0,45;;0,45;0;0;m²;kg;30358;Bauteile aus dem Energieausweis;8;1;ja;1;50;35;Gebäudeabdichtung/Folien, 35a;50;;3;;3;;0;100;0;;14,248305;14,248305;0;38,211622;24,444622;13,767;-0,95084049;0,84515951;-1,796;0,005893125;0,0024360761;0,00062504503;7,9133968E-8;0;0;3;12,8234745;12,8234745;0;34,3904598;22,0001598;12,3903;-0,047556441;0,760643559;-0,8082;0,0053038125;0,00219246849;0,000562540527;7,12205712E-8;1,1266980765;95,838644932167;0;0;0;0;0;0;-0;0;-0;0;0;0;0;
26507;Forsthausgasse Kumuliert Ökologisch neu;100;ja, ganzzahlig (1);2;BZF;21798;m²;2;21798;21798;71224,1674;;;820019;KD_Kellerdecke massiv, unterseitig gedämmt, Dämmstoff Mineraldämmplatte;116;opake Bauteile;nein;0;;;Normalbeton Durchschnitt mit CO2-red CEM II (S-LL);;0,22;;;;;;;gegen Außenluft - nicht hinterlüftet - Wärmestrom nach unten;Boden;100%;0,22;2400;528;;528;0;0;m²;kg;30358;Bauteile aus dem Energieausweis;9;1;ja;0;100;;;100;;;;;;;;;;0,6087434;0,6087434;0;0,022293843;0,022293843;0;0,077217959;0,077217959;0;0,00015506021;9,4887818E-5;2,3151412E-5;2,0125621E-9;0;0;3;321,4165152;321,4165152;0;11,771149104;11,771149104;0;40,771082352;40,771082352;0;0,08187179088;0,050100767904;0,012223945536;1,0626327888E-6;28,425303016;95,838644932167;0;0;0;0;0;0;0;0;0;0;0;0;0;
26507;Forsthausgasse Kumuliert Ökologisch neu;100;ja, ganzzahlig (1);2;BZF;21798;m²;2;21798;21798;71224,1674;;;820019;KD_Kellerdecke massiv, unterseitig gedämmt, Dämmstoff Mineraldämmplatte;116;opake Bauteile;nein;0;;;Kleber mineralisch;;0,005;;;;;;;gegen Außenluft - nicht hinterlüftet - Wärmestrom nach unten;Boden;100%;0,005;1800;9;;9;0;0;m²;kg;30358;Bauteile aus dem Energieausweis;10;1;ja;1;50;50;Sekundärkonstruktion;;;3;;5;;100;0;0;;4,1828141;4,1828141;0;0,2095049;0,2095049;0;0,33500772;0,33500772;0;0,00093550913;0,00055868155;0,00011597773;1,9948804E-8;0;0;3;75,2906538;75,2906538;0;3,7710882;3,7710882;0;6,03013896;6,03013896;0;0,01683916434;0,0100562679;0,00208759914;3,59078472E-7;5,759933532;95,838644932167;0;0;0;0;0;0;0;0;0;0;0;0;0;
26507;Forsthausgasse Kumuliert Ökologisch neu;100;ja, ganzzahlig (1);2;BZF;21798;m²;2;21798;21798;71224,1674;;;820019;KD_Kellerdecke massiv, unterseitig gedämmt, Dämmstoff Mineraldämmplatte;116;opake Bauteile;nein;0;;;Mineralische Wärmedämmplatte (112 kg/m³);;0,2;;;;;;;gegen Außenluft - nicht hinterlüftet - Wärmestrom nach unten;Boden;100%;0,2;112;22,4;;22,4;0;0;m²;kg;30358;Bauteile aus dem Energieausweis;11;1;ja;1;50;50;Sekundärkonstruktion;;;2;;3;;100;0;0;;12,72697;12,72697;0;0,61493152;0,61493152;0;1,0064222;1,0064222;0;0,0020842167;0,00092726274;0,00027565795;8,390822E-8;0;0;3;570,168256;570,168256;0;27,548932096;27,548932096;0;45,08771456;45,08771456;0;0,09337290816;0,041541370752;0,01234947616;3,759088256E-6;38,969948714667;95,838644932167;0;0;0;0;0;0;0;0;0;0;0;0;0;
26507;Forsthausgasse Kumuliert Ökologisch neu;100;ja, ganzzahlig (1);2;BZF;21798;m²;2;21798;21798;71224,1674;;;820019;KD_Kellerdecke massiv, unterseitig gedämmt, Dämmstoff Mineraldämmplatte;116;opake Bauteile;ja;0;;;Armierungsstahl, 100 % Recyclinganteil;;;;;;;;;gegen Außenluft - nicht hinterlüftet - Wärmestrom nach unten;Boden;100%;;;;;;0;0;m²;kg;30358;Bauteile aus dem Energieausweis;;1;nein;0;100;;;100;;;;;;;;;;12,469413;12,469413;0;0,52961637;0,52961637;0;0,6969143;0,6969143;0;0,0027745666;0,0017060368;0,00052395733;6,2074741E-8;0;0;3;267,46890885;267,46890885;0;11,3602711365;11,3602711365;0;14,948811735;14,948811735;0;0,05951445357;0,03659448936;0,0112388847285;1,33150319445E-6;19,3423593935;95,838644932167;0;0;0;0;0;0;0;0;0;0;0;0;0;
26507;Forsthausgasse Kumuliert Ökologisch neu;100;ja, ganzzahlig (1);2;BZF;21798;m²;2;21798;21798;71224,1674;;;820008;Fenster DK_DF_Rohbau 160x180;130;transp. Bauteile;nein;987,84;0,106;2142731941;ACTUAL ALEVO Kunststoff-Alu-Fensterrahmen Uf 0,91;Rahmen;;;;;;;;in Wohngebäuden gegen Außenluft, 2 Flügel;Fenster (transparentes Bauteil);29,311944444444%;;;;;0,29311944444444;289,555112;0,013283563262685;m²;m²;30358;Bauteile aus dem Energieausweis;R;;ja;2;35;35;Fenster;;;4;;3;;;;;;6551,04;5687,14;863,9;500,12;500,12;0;367,38;367,38;0;1,473;0,6674;0,2259;2,0956806E-5;;0;3;5760,711616;5001,0339518333;759,67766416667;439,78468966667;439,78468966667;0;323,0586645;323,0586645;0;1,295294825;0,58688375166667;0,1986470475;1,842854199615E-5;418,57280795;586,45019831111;261,06346282913;226,63645192123;34,4270109079;19,930126976802;19,930126976802;0;14,640346414335;14,640346414335;0;0,058700066057803;0,026596350364547;0,0090022708231214;8,3514317485443E-7;
26507;Forsthausgasse Kumuliert Ökologisch neu;100;ja, ganzzahlig (1);2;BZF;21798;m²;2;21798;21798;71224,1674;;;820008;Fenster DK_DF_Rohbau 160x180;130;transp. Bauteile;nein;987,84;0,106;2142705727;ACTUAL 3-fach Energiesparglas Ug 0,5 (4b-18Ar90%-4-18Ar90%-b4);Verglasung;;;;;;;;in Wohngebäuden gegen Außenluft, 2 Flügel;Fenster (transparentes Bauteil);70,688055555556%;;;;;0,70688055555556;698,284888;0,03203435581246;m²;m²;30358;Bauteile aus dem Energieausweis;V;;ja;2;35;35;Fenster;;;1;;2;;;;;;801,25;785,17;16,08;38,07;38,07;0;61,53;61,53;0;0,445;0,0809;0,027;5,4524938E-6;;0;3;1699,1641354167;1665,0642174167;34,099918;80,73282825;80,73282825;0;130,48308175;130,48308175;0;0,94368554166667;0,17155991083333;0,057257325;1,1562785539522E-5;204,21072369444;586,45019831111;77,0025827842;75,457245459807;1,5453373243931;3,658643777341;3,658643777341;0;5,913221739422;5,913221739422;0;0,042765865009634;0,007774738155684;0,0025947828208092;5,2400137936329E-7;
26507;Forsthausgasse Kumuliert Ökologisch neu;100;ja, ganzzahlig (1);2;BZF;21798;m²;2;21798;21798;71224,1674;;;820007;Fenster DK_Rohbau 116x180;129;transp. Bauteile;nein;152,424;0,106;2142731941;ACTUAL ALEVO Kunststoff-Alu-Fensterrahmen Uf 0,91;Rahmen;;;;;;;;in Wohngebäuden gegen Außenluft, 1 Flügel;Fenster (transparentes Bauteil);27,901149425287%;;;;;0,27901149425287;42,528048;0,0019510068813653;m²;m²;30358;Bauteile aus dem Energieausweis;R;;ja;2;35;35;Fenster;;;4;;3;;;;;;6551,04;5687,14;863,9;500,12;500,12;0;367,38;367,38;0;1,473;0,6674;0,2259;2,0956806E-5;;0;3;5483,446377931;4760,3322882759;723,11408965517;418,61768551724;418,61768551724;0;307,50972827586;307,50972827586;0;1,2329517931034;0,5586368137931;0,18908608965517;1,7541569270483E-5;398,42673972414;570,37977581609;38,343372360297;33,286947825863;5,0564245344343;2,9272126845252;2,9272126845252;0;2,1502827242279;2,1502827242279;0;0,0086214994087531;0,0039063059778695;0,0013221973635012;1,2266061815231E-7;
26507;Forsthausgasse Kumuliert Ökologisch neu;100;ja, ganzzahlig (1);2;BZF;21798;m²;2;21798;21798;71224,1674;;;820007;Fenster DK_Rohbau 116x180;129;transp. Bauteile;nein;152,424;0,106;2142705727;ACTUAL 3-fach Energiesparglas Ug 0,5 (4b-18Ar90%-4-18Ar90%-b4);Verglasung;;;;;;;;in Wohngebäuden gegen Außenluft, 1 Flügel;Fenster (transparentes Bauteil);72,098850574713%;;;;;0,72098850574713;109,895952;0,0050415612441508;m²;m²;30358;Bauteile aus dem Energieausweis;V;;ja;2;35;35;Fenster;;;1;;2;;;;;;801,25;785,17;16,08;38,07;38,07;0;61,53;61,53;0;0,445;0,0809;0,027;5,4524938E-6;;0;3;1733,0761206897;1698,2956351724;34,780485517241;82,344097241379;82,344097241379;0;133,08726827586;133,08726827586;0;0,96251965517241;0,17498391034483;0,058400068965517;1,1793556072372E-5;208,28636942529;570,37977581609;12,118652840628;11,87544792621;0,24320491441784;0,57579670969447;0,57579670969447;0;0,9306217900578;0,9306217900578;0;0,0067304842609414;0,0012235869139554;0,00040836646077622;8,2467244278158E-8;
26507;Forsthausgasse Kumuliert Ökologisch neu;100;ja, ganzzahlig (1);2;BZF;21798;m²;2;21798;21798;71224,1674;;;820012;Fenster DK_Rohbau 220x225;130;transp. Bauteile;nein;920,7;0,106;2142731941;ACTUAL ALEVO Kunststoff-Alu-Fensterrahmen Uf 0,91;Rahmen;;;;;;;;in Wohngebäuden gegen Außenluft, 2 Flügel;Fenster (transparentes Bauteil);22,514828282828%;;;;;0,22514828282828;207,294024;0,0095097726396917;m²;m²;30358;Bauteile aus dem Energieausweis;R;;ja;2;35;35;Fenster;;;4;;3;;;;;;6551,04;5687,14;863,9;500,12;500,12;0;367,38;367,38;0;1,473;0,6674;0,2259;2,0956806E-5;;0;3;4424,8662202182;3841,3494156121;583,51680460606;337,80347762424;337,80347762424;0;248,14492843636;248,14492843636;0;0,99493026181818;0,45079189187879;0,15258299127273;1,4155166653396E-5;321,51039698909;509,0239762295;186,89670286058;162,25022511029;24,646477750289;14,268082477688;14,268082477688;0;10,48110081711;10,48110081711;0;0,042023685294798;0,019040466779191;0,0064447729179191;5,9788338094238E-7;
26507;Forsthausgasse Kumuliert Ökologisch neu;100;ja, ganzzahlig (1);2;BZF;21798;m²;2;21798;21798;71224,1674;;;820012;Fenster DK_Rohbau 220x225;130;transp. Bauteile;nein;920,7;0,106;2142705727;ACTUAL 3-fach Energiesparglas Ug 0,5 (4b-18Ar90%-4-18Ar90%-b4);Verglasung;;;;;;;;in Wohngebäuden gegen Außenluft, 2 Flügel;Fenster (transparentes Bauteil);77,485171717172%;;;;;0,77485171717172;713,405976;0,032728047343793;m²;m²;30358;Bauteile aus dem Energieausweis;V;;ja;2;35;35;Fenster;;;1;;2;;;;;;801,25;785,17;16,08;38,07;38,07;0;61,53;61,53;0;0,445;0,0809;0,027;5,4524938E-6;;0;3;1862,5498151515;1825,1709683152;37,378846836364;88,495814618182;88,495814618182;0;143,02987847273;143,02987847273;0;1,0344270424242;0,18805651175758;0,062762989090909;1,2674622551394E-5;223,84691257374;509,0239762295;78,670043802642;77,091242798778;1,5788010038646;3,7378702871346;3,7378702871346;0;6,0412702591908;6,0412702591908;0;0,043691943203964;0,0079430970903386;0,0026509718348472;5,3534842568441E-7;
26507;Forsthausgasse Kumuliert Ökologisch neu;100;ja, ganzzahlig (1);2;BZF;21798;m²;2;21798;21798;71224,1674;;;820015;Fenster DK_UL_FIX_130x250;130;transp. Bauteile;nein;19,5;0,106;2142731941;ACTUAL ALEVO Kunststoff-Alu-Fensterrahmen Uf 0,91;Rahmen;;;;;;;;in Wohngebäuden gegen Außenluft, 2 Flügel;Fenster (transparentes Bauteil);30,8672%;;;;;0,308672;6,019104;0,00027613102119461;m²;m²;30358;Bauteile aus dem Energieausweis;R;;ja;2;35;35;Fenster;;;4;;3;;;;;;6551,04;5687,14;863,9;500,12;500,12;0;367,38;367,38;0;1,473;0,6674;0,2259;2,0956806E-5;;0;3;6066,36785664;5266,38263424;799,9852224;463,11912192;463,11912192;0;340,19975808;340,19975808;0;1,364021568;0,6180230784;0,2091870144;1,9406337664896E-5;440,781763968;604,16617655467;5,4268360952601;4,7111873276301;0,71564876763006;0,41429593895954;0,41429593895954;0;0,30433504369942;0,30433504369942;0;0,001220222982659;0,00055286953063584;0,00018713399306358;1,7360472725272E-8;
26507;Forsthausgasse Kumuliert Ökologisch neu;100;ja, ganzzahlig (1);2;BZF;21798;m²;2;21798;21798;71224,1674;;;820015;Fenster DK_UL_FIX_130x250;130;transp. Bauteile;nein;19,5;0,106;2142705727;ACTUAL 3-fach Energiesparglas Ug 0,5 (4b-18Ar90%-4-18Ar90%-b4);Verglasung;;;;;;;;in Wohngebäuden gegen Außenluft, 2 Flügel;Fenster (transparentes Bauteil);69,1328%;;;;;0,691328;13,480896;0,00061844646297825;m²;m²;30358;Bauteile aus dem Energieausweis;V;;ja;2;35;35;Fenster;;;1;;2;;;;;;801,25;785,17;16,08;38,07;38,07;0;61,53;61,53;0;0,445;0,0809;0,027;5,4524938E-6;;0;3;1661,77968;1628,43001728;33,34966272;78,95657088;78,95657088;0;127,61223552;127,61223552;0;0,92292288;0,1677853056;0,055997568;1,1308384901299E-5;199,71774592;604,16617655467;1,486590685384;1,4567568280099;0,029833857374071;0,070632770536746;0,070632770536746;0;0,11415903260116;0,11415903260116;0;0,00082562602807597;0,00015009695656482;5,0094163501239E-5;1,0116226515063E-8;
26507;Forsthausgasse Kumuliert Ökologisch neu;100;ja, ganzzahlig (1);2;BZF;21798;m²;2;21798;21798;71224,1674;;;820013;Fenster Fix_Rohbau 180x225;130;transp. Bauteile;nein;210,6;0,106;2142731941;ACTUAL ALEVO Kunststoff-Alu-Fensterrahmen Uf 0,91;Rahmen;;;;;;;;in Wohngebäuden gegen Außenluft, 2 Flügel;Fenster (transparentes Bauteil);25,424296296296%;;;;;0,25424296296296;53,543568;0,0024563523259015;m²;m²;30358;Bauteile aus dem Energieausweis;R;;ja;2;35;35;Fenster;;;4;;3;;;;;;6551,04;5687,14;863,9;500,12;500,12;0;367,38;367,38;0;1,473;0,6674;0,2259;2,0956806E-5;;0;3;4996,6674602667;4337,7459731556;658,92148711111;381,45597191111;381,45597191111;0;280,2113392;280,2113392;0;1,1234996533333;0,50904526044444;0,172300456;1,598436135504E-5;363,05742565333;542,16584274963;48,27498702322;41,908858700182;6,3661283230388;3,6854127756895;3,6854127756895;0;2,707244152469;2,707244152469;0;0,010854620928159;0,0049181086269199;0,0016646699712634;1,544318974847E-7;
26507;Forsthausgasse Kumuliert Ökologisch neu;100;ja, ganzzahlig (1);2;BZF;21798;m²;2;21798;21798;71224,1674;;;820013;Fenster Fix_Rohbau 180x225;130;transp. Bauteile;nein;210,6;0,106;2142705727;ACTUAL 3-fach Energiesparglas Ug 0,5 (4b-18Ar90%-4-18Ar90%-b4);Verglasung;;;;;;;;in Wohngebäuden gegen Außenluft, 2 Flügel;Fenster (transparentes Bauteil);74,575703703704%;;;;;0,74575703703704;157,056432;0,0072050845031654;m²;m²;30358;Bauteile aus dem Energieausweis;V;;ja;2;35;35;Fenster;;;1;;2;;;;;;801,25;785,17;16,08;38,07;38,07;0;61,53;61,53;0;0,445;0,0809;0,027;5,4524938E-6;;0;3;1792,6134777778;1756,6381583111;35,975319466667;85,1729112;85,1729112;0;137,65929146667;137,65929146667;0;0,99558564444444;0,18099523288889;0,06040632;1,2198706862252E-5;215,44175042963;542,16584274963;17,319221874484;16,971648598051;0,3475732764327;0,82289270110652;0,82289270110652;0;1,3299865484393;1,3299865484393;0;0,0096187878117258;0,0017486740089182;0,0005836118447564;1,1785703574596E-7;
26507;Forsthausgasse Kumuliert Ökologisch neu;100;ja, ganzzahlig (1);2;BZF;21798;m²;2;21798;21798;71224,1674;;;820014;Fenster Fix_Rohbau 230x225;130;transp. Bauteile;nein;77,625;0,106;2142731941;ACTUAL ALEVO Kunststoff-Alu-Fensterrahmen Uf 0,91;Rahmen;;;;;;;;in Wohngebäuden gegen Außenluft, 2 Flügel;Fenster (transparentes Bauteil);21,945584541063%;;;;;0,21945584541063;17,03526;0,00078150564271952;m²;m²;30358;Bauteile aus dem Energieausweis;R;;ja;2;35;35;Fenster;;;4;;3;;;;;;6551,04;5687,14;863,9;500,12;500,12;0;367,38;367,38;0;1,473;0,6674;0,2259;2,0956806E-5;;0;3;4312,9920645565;3744,2283500058;568,76371455072;329,26277222029;329,26277222029;0;241,87106546087;241,87106546087;0;0,96977538086957;0,43939449368116;0,14872522643478;1,379728073351E-5;313,3816305113;502,53969799729;15,359024177044;13,333596002808;2,0254281742362;1,1725398061107;1,1725398061107;0;0,86132862906689;0,86132862906689;0;0,0034534734351775;0,001564730597853;0,00052962637407102;4,9133586427135E-8;
26507;Forsthausgasse Kumuliert Ökologisch neu;100;ja, ganzzahlig (1);2;BZF;21798;m²;2;21798;21798;71224,1674;;;820014;Fenster Fix_Rohbau 230x225;130;transp. Bauteile;nein;77,625;0,106;2142705727;ACTUAL 3-fach Energiesparglas Ug 0,5 (4b-18Ar90%-4-18Ar90%-b4);Verglasung;;;;;;;;in Wohngebäuden gegen Außenluft, 2 Flügel;Fenster (transparentes Bauteil);78,054415458937%;;;;;0,78054415458937;60,58974;0,0027796008808148;m²;m²;30358;Bauteile aus dem Energieausweis;V;;ja;2;35;35;Fenster;;;1;;2;;;;;;801,25;785,17;16,08;38,07;38,07;0;61,53;61,53;0;0,445;0,0809;0,027;5,4524938E-6;;0;3;1876,2330115942;1838,5795615768;37,653450017391;89,145947895652;89,145947895652;0;144,08064549565;144,08064549565;0;1,0420264463768;0,18943806631884;0,063224076521739;1,2767736490574E-5;225,49140081932;502,53969799729;6,6814656172585;6,547377670768;0,1340879464905;0,31745821659785;0,31745821659785;0;0,5130865265896;0,5130865265896;0;0,0037107671758877;0,00067460913377374;0,000225147671346;4,5467269707351E-8;
26507;Forsthausgasse Kumuliert Ökologisch neu;100;ja, ganzzahlig (1);2;BZF;21798;m²;2;21798;21798;71224,1674;;;820010;Fenster Rohbau 106x252;129;transp. Bauteile;nein;64,1088;0,106;2142731941;ACTUAL ALEVO Kunststoff-Alu-Fensterrahmen Uf 0,91;Rahmen;;;;;;;;in Wohngebäuden gegen Außenluft, 1 Flügel;Fenster (transparentes Bauteil);26,730158730159%;;;;;0,26730158730159;17,136384;0,00078614478392513;m²;m²;30358;Bauteile aus dem Energieausweis;R;;ja;2;35;35;Fenster;;;4;;3;;;;;;6551,04;5687,14;863,9;500,12;500,12;0;367,38;367,38;0;1,473;0,6674;0,2259;2,0956806E-5;;0;3;5253,3101714286;4560,544647619;692,76552380952;401,04860952381;401,04860952381;0;294,60377142857;294,60377142857;0;1,1812057142857;0,53519123809524;0,18115028571429;1,6805362525714E-5;381,70506285714;557,04097396825;15,450197775855;13,412746339356;2,0374514364988;1,1795001880099;1,1795001880099;0;0,86644161215524;0,86644161215524;0;0,0034739738001652;0,0015740190863749;0,00053277032006606;4,9425251173893E-8;
26507;Forsthausgasse Kumuliert Ökologisch neu;100;ja, ganzzahlig (1);2;BZF;21798;m²;2;21798;21798;71224,1674;;;820010;Fenster Rohbau 106x252;129;transp. Bauteile;nein;64,1088;0,106;2142705727;ACTUAL 3-fach Energiesparglas Ug 0,5 (4b-18Ar90%-4-18Ar90%-b4);Verglasung;;;;;;;;in Wohngebäuden gegen Außenluft, 1 Flügel;Fenster (transparentes Bauteil);73,269841269841%;;;;;0,73269841269841;46,972416;0,0021548956785026;m²;m²;30358;Bauteile aus dem Energieausweis;V;;ja;2;35;35;Fenster;;;1;;2;;;;;;801,25;785,17;16,08;38,07;38,07;0;61,53;61,53;0;0,445;0,0809;0,027;5,4524938E-6;;0;3;1761,2238095238;1725,8784380952;35,345371428571;83,681485714286;83,681485714286;0;135,2488;135,2488;0;0,97815238095238;0,1778259047619;0,059348571428571;1,1985100657524E-5;211,66924444444;557,04097396825;5,1798304872007;5,0758783196697;0,10395216753097;0,24611063544178;0,24611063544178;0;0,3977721932948;0,3977721932948;0;0,002876785730801;0,00052299318117258;0,00017454654995871;3,5248665980047E-8;
26507;Forsthausgasse Kumuliert Ökologisch neu;100;ja, ganzzahlig (1);2;BZF;21798;m²;2;21798;21798;71224,1674;;;820009;Fenster Rohbau 116x252;129;transp. Bauteile;nein;81,8496;0,106;2142731941;ACTUAL ALEVO Kunststoff-Alu-Fensterrahmen Uf 0,91;Rahmen;;;;;;;;in Wohngebäuden gegen Außenluft, 1 Flügel;Fenster (transparentes Bauteil);25,151067323481%;;;;;0,25151067323481;20,586048;0,00094440077071291;m²;m²;30358;Bauteile aus dem Energieausweis;R;;ja;2;35;35;Fenster;;;4;;3;;;;;;6551,04;5687,14;863,9;500,12;500,12;0;367,38;367,38;0;1,473;0,6674;0,2259;2,0956806E-5;;0;3;4942,9694423645;4291,1292305419;651,84021182266;377,35655369458;377,35655369458;0;277,19997339901;277,19997339901;0;1,1114256650246;0,50357466995074;0,17044878325123;1,5812581157734E-5;359,15573231527;539,05348059113;18,560421674913;16,112818197457;2,4476034774566;1,4169411403468;1,4169411403468;0;1,0408618654335;1,0408618654335;0;0,0041733070057803;0,0018908792231214;0,00064002040231214;5,9374871214243E-8;
26507;Forsthausgasse Kumuliert Ökologisch neu;100;ja, ganzzahlig (1);2;BZF;21798;m²;2;21798;21798;71224,1674;;;820009;Fenster Rohbau 116x252;129;transp. Bauteile;nein;81,8496;0,106;2142705727;ACTUAL 3-fach Energiesparglas Ug 0,5 (4b-18Ar90%-4-18Ar90%-b4);Verglasung;;;;;;;;in Wohngebäuden gegen Außenluft, 1 Flügel;Fenster (transparentes Bauteil);74,848932676519%;;;;;0,74848932676519;61,263552;0,0028105125240848;m²;m²;30358;Bauteile aus dem Energieausweis;V;;ja;2;35;35;Fenster;;;1;;2;;;;;;801,25;785,17;16,08;38,07;38,07;0;61,53;61,53;0;0,445;0,0809;0,027;5,4524938E-6;;0;3;1799,1812192118;1763,0740940887;36,107125123153;85,484966009852;85,484966009852;0;138,16364482759;138,16364482759;0;0,99923325123153;0,18165835960591;0,06062763546798;1,224340024066E-5;216,2310816092;539,05348059113;6,7557694797688;6,6201903556069;0,13557912416185;0,32098863537572;0,32098863537572;0;0,51879250682081;0,51879250682081;0;0,0037520342196532;0,00068211138959538;0,00022765151445087;4,5972906337184E-8;
26507;Forsthausgasse Kumuliert Ökologisch neu;100;ja, ganzzahlig (1);2;BZF;21798;m²;2;21798;21798;71224,1674;;;820016;Fenster Rohbau 96x225_Balkon;130;transp. Bauteile;nein;4,32;0,106;2142731941;ACTUAL ALEVO Kunststoff-Alu-Fensterrahmen Uf 0,91;Rahmen;;;;;;;;in Wohngebäuden gegen Außenluft, 2 Flügel;Fenster (transparentes Bauteil);39,426111111111%;;;;;0,39426111111111;1,703208;7,8135975777594E-5;m²;m²;30358;Bauteile aus dem Energieausweis;R;;ja;2;35;35;Fenster;;;4;;3;;;;;;6551,04;5687,14;863,9;500,12;500,12;0;367,38;367,38;0;1,473;0,6674;0,2259;2,0956806E-5;;0;3;7748,460928;6726,6544063333;1021,8065216667;591,53360066667;591,53360066667;0;434,530941;434,530941;0;1,74223985;0,78938959666667;0,267190755;2,47873608567E-5;563,0025011;701,66107537778;1,5356157082742;1,3331106998514;0,20250500842279;0,11723209261767;0,11723209261767;0;0,086116784343518;0,086116784343518;0;0,00034528287696119;0,0001564438507019;5,2952750784476E-5;4,9124414579752E-9;
26507;Forsthausgasse Kumuliert Ökologisch neu;100;ja, ganzzahlig (1);2;BZF;21798;m²;2;21798;21798;71224,1674;;;820016;Fenster Rohbau 96x225_Balkon;130;transp. Bauteile;nein;4,32;0,106;2142705727;ACTUAL 3-fach Energiesparglas Ug 0,5 (4b-18Ar90%-4-18Ar90%-b4);Verglasung;;;;;;;;in Wohngebäuden gegen Außenluft, 2 Flügel;Fenster (transparentes Bauteil);60,573888888889%;;;;;0,60573888888889;2,616792;0,00012004734379301;m²;m²;30358;Bauteile aus dem Energieausweis;V;;ja;2;35;35;Fenster;;;1;;2;;;;;;801,25;785,17;16,08;38,07;38,07;0;61,53;61,53;0;0,445;0,0809;0,027;5,4524938E-6;;0;3;1456,0448541667;1426,8240101667;29,220844;69,1814385;69,1814385;0;111,8133415;111,8133415;0;0,80866141666667;0,14701282833333;0,04906485;9,9083626082567E-6;174,99190761111;701,66107537778;0,28856380264244;0,28277271877787;0,0057910838645747;0,0137106071346;0,0137106071346;0;0,022159539190751;0,022159539190751;0;0,00016026320396367;2,9135490338563E-5;9,7238348472337E-6;1,9636721932135E-9;
26507;Forsthausgasse Kumuliert Ökologisch neu;100;ja, ganzzahlig (1);2;BZF;21798;m²;2;21798;21798;71224,1674;;;820011;Fenster_Dach_Lichtkuppel 1200x1200;144;transp. Bauteile;nein;4,32;0,106;2142731941;ACTUAL ALEVO Kunststoff-Alu-Fensterrahmen Uf 0,91;Rahmen;;;;;;;;Dachflächenfenster gegen Außenluft;Fenster (transparentes Bauteil);32,212222222222%;;;;;0,32212222222222;1,391568;6,3839251307459E-5;m²;m²;30358;Bauteile aus dem Energieausweis;R;;ja;2;35;35;Fenster;;;4;;3;;;;;;6551,04;5687,14;863,9;500,12;500,12;0;367,38;367,38;0;1,473;0,6674;0,2259;2,0956806E-5;;0;3;6330,706688;5495,8625246667;834,84416333333;483,29929733333;483,29929733333;0;355,023786;355,023786;0;1,4234581;0,64495311333333;0,21830223;2,02519587582E-5;459,9886006;619,48737848889;1,2546404666557;1,0891882790421;0,16545218761354;0,09578185909166;0,09578185909166;0;0,070359792436003;0,070359792436003;0;0,00028210565152766;0,0001278189489678;4,3263860611065E-5;4,013600414507E-9;
26507;Forsthausgasse Kumuliert Ökologisch neu;100;ja, ganzzahlig (1);2;BZF;21798;m²;2;21798;21798;71224,1674;;;820011;Fenster_Dach_Lichtkuppel 1200x1200;144;transp. Bauteile;nein;4,32;0,106;2142705727;ACTUAL 3-fach Energiesparglas Ug 0,5 (4b-18Ar90%-4-18Ar90%-b4);Verglasung;;;;;;;;Dachflächenfenster gegen Außenluft;Fenster (transparentes Bauteil);67,787777777778%;;;;;0,67787777777778;2,928432;0,00013434406826314;m²;m²;30358;Bauteile aus dem Energieausweis;V;;ja;2;35;35;Fenster;;;1;;2;;;;;;801,25;785,17;16,08;38,07;38,07;0;61,53;61,53;0;0,445;0,0809;0,027;5,4524938E-6;;0;3;1629,4487083333;1596,7478843333;32,700824;77,420421;77,420421;0;125,129459;125,129459;0;0,90496683333333;0,16452093666667;0,0549081;1,1088373141473E-5;195,83211122222;619,48737848889;0,32292955408753;0,31644879623452;0,006480757853014;0,015343436036334;0,015343436036334;0;0,024798571560694;0,024798571560694;0;0,0001793493311313;3,2605305367465E-5;1,0881869529315E-5;2,1975305978147E-9;
26507;Forsthausgasse Kumuliert Ökologisch neu;100;ja, ganzzahlig (1);2;BZF;21798;m²;2;21798;21798;71224,1674;;;820021;IWnt_Ständer-Scheidewand, doppelt beplankt, Dämmstoff Glaswolle;214;opake Bauteile;nein;25388,34;;;Gipskartonplatte (900 kg/m³);;0,0125;;;;;;;Nichttragend;Wand;100%;0,0125;900;11,25;;11,25;285618,825;13,102983071841;m²;kg;30360;Innenwände;1;1;ja;1;50;50;Sekundärkonstruktion;;;4;;3;;100;0;0;;3,5805928;3,5805928;0;0,20303582;0,20303582;0;0,18132751;0,21332751;-0,032;0,00047190848;0,00020462567;5,7137895E-5;2,5000607E-8;1;2;3;80,563338;80,563338;0;4,56830595;4,56830595;0;4,439868975;4,799868975;-0,36;0,0106179408;0,004604077575;0,0012856026375;5,625136575E-7;4,8411482025;7,5382270081909;93,832893691115;93,832893691115;0;5,3207498248749;5,3207498248749;0;5,1711580462772;5,5904535045762;-0,41929545829893;0,012366817649797;0,0053624133801484;0,0014973537418913;6,5516506061352E-7;
26507;Forsthausgasse Kumuliert Ökologisch neu;100;ja, ganzzahlig (1);2;BZF;21798;m²;2;21798;21798;71224,1674;;;820021;IWnt_Ständer-Scheidewand, doppelt beplankt, Dämmstoff Glaswolle;214;opake Bauteile;nein;25388,34;;;Gipskartonplatte (900 kg/m³);;0,0125;;;;;;;Nichttragend;Wand;100%;0,0125;900;11,25;;11,25;285618,825;13,102983071841;m²;kg;30360;Innenwände;2;1;ja;1;50;50;Sekundärkonstruktion;;;4;;3;;100;0;0;;3,5805928;3,5805928;0;0,20303582;0,20303582;0;0,18132751;0,21332751;-0,032;0,00047190848;0,00020462567;5,7137895E-5;2,5000607E-8;1;2;3;80,563338;80,563338;0;4,56830595;4,56830595;0;4,439868975;4,799868975;-0,36;0,0106179408;0,004604077575;0,0012856026375;5,625136575E-7;4,8411482025;7,5382270081909;93,832893691115;93,832893691115;0;5,3207498248749;5,3207498248749;0;5,1711580462772;5,5904535045762;-0,41929545829893;0,012366817649797;0,0053624133801484;0,0014973537418913;6,5516506061352E-7;
26507;Forsthausgasse Kumuliert Ökologisch neu;100;ja, ganzzahlig (1);2;BZF;21798;m²;2;21798;21798;71224,1674;;;820021;IWnt_Ständer-Scheidewand, doppelt beplankt, Dämmstoff Glaswolle;214;opake Bauteile;nein;25388,34;;;Glaswolle MW(GW)-W (18 kg/m³);Glaswolle zw. C-Profilständern;0,075;;;;;;;Nichttragend;Wand;99,614519755863%;0,074710889816897;18;1,3447960167041;;1,3447960167041;34142,13850273;1,5662968392848;m²;kg;30360;Innenwände;3;1;ja;1;50;50;Sekundärkonstruktion;;;4;;3;;100;0;0;;45,731992;45,731992;0;2,1062276;2,1062276;0;2,4170243;2,4220243;-0,005;0,014977372;0,0068625475;0,0016468656;2,6073394E-7;1;2;3;123,00040135509;123,00040135509;0;5,6648929735047;5,6648929735047;0;6,5075332819178;6,5142572620013;-0,0067239800835207;0,040283020412592;0,018457453084886;0,0044293965978542;7,0126792786315E-7;10,555671647168;7,5382270081909;143,2597490476;143,2597490476;0;6,5979552653889;6,5979552653889;0;7,5793865273256;7,5872180115221;-0,0078314841964241;0,046918020848786;0,021497572917384;0,0051589607680138;8,1677349223256E-7;
26507;Forsthausgasse Kumuliert Ökologisch neu;100;ja, ganzzahlig (1);2;BZF;21798;m²;2;21798;21798;71224,1674;;;820021;IWnt_Ständer-Scheidewand, doppelt beplankt, Dämmstoff Glaswolle;214;opake Bauteile;nein;25388,34;;;Stahlblech, verzinkt;Glaswolle zw. C-Profilständern;0,075;;;;;;;Nichttragend;Wand;0,38548024413749%;0,00028911018310312;7800;2,2550594282043;;2,2550594282043;57252,215483456;2,6264893790007;m²;kg;30360;Innenwände;3;2;ja;1;50;50;Sekundärkonstruktion;;;2;;1;;0;0;100;;34,492425;34,492425;0;1,3505242;1,3505242;0;2,4227066;2,4297066;-0,007;0,011544127;0,0058054577;0,0019864555;1,2682563E-7;3;2;3;155,56493639576;155,56493639576;0;6,0910246604562;6,0910246604562;0;10,942480136203;10,9582655522;-0,01578541599743;0,052065384863476;0,026183304242853;0,0089591504079666;5,719986653389E-7;13,951295884356;7,5382270081909;181,18797583695;181,18797583695;0;7,0942749347667;7,0942749347667;0;12,744811732323;12,763197157976;-0,018385425653005;0,06064105391067;0,030495945978575;0,010434808545215;6,6621234036014E-7;
26507;Forsthausgasse Kumuliert Ökologisch neu;100;ja, ganzzahlig (1);2;BZF;21798;m²;2;21798;21798;71224,1674;;;820021;IWnt_Ständer-Scheidewand, doppelt beplankt, Dämmstoff Glaswolle;214;opake Bauteile;nein;25388,34;;;Gipskartonplatte (900 kg/m³);;0,0125;;;;;;;Nichttragend;Wand;100%;0,0125;900;11,25;;11,25;285618,825;13,102983071841;m²;kg;30360;Innenwände;4;1;ja;1;50;50;Sekundärkonstruktion;;;4;;3;;100;0;0;;3,5805928;3,5805928;0;0,20303582;0,20303582;0;0,18132751;0,21332751;-0,032;0,00047190848;0,00020462567;5,7137895E-5;2,5000607E-8;1;2;3;80,563338;80,563338;0;4,56830595;4,56830595;0;4,439868975;4,799868975;-0,36;0,0106179408;0,004604077575;0,0012856026375;5,625136575E-7;4,8411482025;7,5382270081909;93,832893691115;93,832893691115;0;5,3207498248749;5,3207498248749;0;5,1711580462772;5,5904535045762;-0,41929545829893;0,012366817649797;0,0053624133801484;0,0014973537418913;6,5516506061352E-7;
26507;Forsthausgasse Kumuliert Ökologisch neu;100;ja, ganzzahlig (1);2;BZF;21798;m²;2;21798;21798;71224,1674;;;820021;IWnt_Ständer-Scheidewand, doppelt beplankt, Dämmstoff Glaswolle;214;opake Bauteile;nein;25388,34;;;Gipskartonplatte (900 kg/m³);;0,0125;;;;;;;Nichttragend;Wand;100%;0,0125;900;11,25;;11,25;285618,825;13,102983071841;m²;kg;30360;Innenwände;5;1;ja;1;50;50;Sekundärkonstruktion;;;4;;3;;100;0;0;;3,5805928;3,5805928;0;0,20303582;0,20303582;0;0,18132751;0,21332751;-0,032;0,00047190848;0,00020462567;5,7137895E-5;2,5000607E-8;1;2;3;80,563338;80,563338;0;4,56830595;4,56830595;0;4,439868975;4,799868975;-0,36;0,0106179408;0,004604077575;0,0012856026375;5,625136575E-7;4,8411482025;7,5382270081909;93,832893691115;93,832893691115;0;5,3207498248749;5,3207498248749;0;5,1711580462772;5,5904535045762;-0,41929545829893;0,012366817649797;0,0053624133801484;0,0014973537418913;6,5516506061352E-7;
